{"cameraMode":{"drawMode":0,"name":"Shaded","section":"Shading Mode"},"sceneLighting":true,"audioPlay":false,"sceneViewState":{"m_AlwaysRefresh":false,"showFog":true,"showSkybox":true,"showFlares":true,"showImageEffects":true,"showParticleSystems":true,"showVisualEffectGraphs":true,"m_FxEnabled":true},"in2DMode":false,"pivot":{"x":713.2047119140625,"y":361.46783447265627,"z":447.01519775390627},"rotation":{"x":0.053355179727077487,"y":-0.038631074130535129,"z":0.0019165812991559506,"w":0.9979448914527893},"size":342.7742614746094,"orthographic":false}