{"cameraMode":{"drawMode":0,"name":"Shaded","section":"Shading Mode"},"sceneLighting":false,"audioPlay":false,"sceneViewState":{"m_AlwaysRefresh":false,"showFog":true,"showSkybox":false,"showFlares":true,"showImageEffects":true,"showParticleSystems":true,"showVisualEffectGraphs":true,"m_FxEnabled":true},"in2DMode":false,"pivot":{"x":6.478632926940918,"y":2.2300000190734865,"z":-23.81999969482422},"rotation":{"x":0.0053425198420882229,"y":0.1366690844297409,"z":-0.0008559277630411089,"w":0.9906671643257141},"size":11.684334754943848,"orthographic":false}